City_ID,City,Country,Lat,Lng,Max Temp,Humidity,Cloudiness,Wind Speed,Current Description
0,Esperance,AU,-33.8667,121.9,58.06,81,39,5.41,scattered clouds
1,Ushuaia,AR,-54.8,-68.3,35.26,87,75,29.93,light snow
2,Mingguang,CN,32.7802,117.9638,68.58,74,100,1.12,overcast clouds
3,Punta Arenas,CL,-53.15,-70.9167,39.31,75,0,19.57,clear sky
4,Debre Tabor,ET,11.85,38.0167,74.66,22,97,8.55,overcast clouds
5,Castro,BR,-24.7911,-50.0119,68.27,48,9,5.03,clear sky
6,Flinders,AU,-34.5833,150.8552,60.39,85,35,1.99,scattered clouds
7,Hami,CN,42.8,93.45,86.68,11,81,10.51,broken clouds
8,Iqaluit,CA,63.7506,-68.5145,11.93,72,75,3.44,broken clouds
9,Abu Dhabi,AE,24.4667,54.3667,96.82,36,0,20.71,clear sky
10,Tuy Hoa,VN,13.0833,109.3,79.65,79,83,4,broken clouds
11,Sola,VU,-13.8833,167.55,80.78,79,29,16.37,scattered clouds
12,Avarua,CK,-21.2078,-159.775,71.65,100,73,3.44,broken clouds
13,Gamba,GA,-2.65,10,79.77,70,91,6.91,overcast clouds
14,Aswan,EG,24.0934,32.907,105.1,7,0,10.36,clear sky
15,Half Moon Bay,US,37.4636,-122.4286,58.03,91,100,12.66,mist
16,Bredasdorp,ZA,-34.5322,20.0403,64.04,65,68,7.4,broken clouds
17,Nikolskoye,RU,59.7035,30.7861,53.49,96,100,3.22,light rain
18,Ust-Kuyga,RU,70.0167,135.6,21.92,92,13,6.67,few clouds
19,Gornyy,RU,55.1153,83.9059,61.12,54,6,11.1,clear sky
20,Pundaguitan,PH,6.3711,126.1689,79.66,82,100,7.99,overcast clouds
21,La Ronge,CA,55.1001,-105.2842,41.25,75,40,6.91,scattered clouds
22,Priiskovyy,RU,51.9333,116.6333,61.2,30,21,7.31,few clouds
23,Mataura,NZ,-46.1927,168.8643,37.47,97,4,1.81,clear sky
24,Airai,TL,-8.9266,125.4092,58.69,95,100,3.18,overcast clouds
25,Kaitangata,NZ,-46.2817,169.8464,38.55,91,3,4.81,clear sky
26,Berndorf,AT,47.9457,16.1097,77.85,36,75,11.5,broken clouds
27,New Norfolk,AU,-42.7826,147.0587,54.91,86,21,1.01,few clouds
28,Kokkola,FI,63.8385,23.1307,56.03,87,75,8.05,light rain
29,Busselton,AU,-33.65,115.3333,56.14,79,0,8.57,clear sky
30,Santa Maria Da Vitoria,BR,-13.3947,-44.1886,82.02,41,48,10.07,scattered clouds
31,Sitka,US,57.0531,-135.33,42.69,81,40,0,scattered clouds
32,Barrow,US,71.2906,-156.7887,32.02,86,0,9.22,clear sky
33,Tiksi,RU,71.6872,128.8694,24.08,92,100,5.64,overcast clouds
34,Clarence Town,AU,-32.5833,151.7833,59.81,96,3,2.19,clear sky
35,Hilo,US,19.7297,-155.09,76.28,92,100,8.05,overcast clouds
36,Lebu,CL,-37.6167,-73.65,46.11,75,97,15.61,overcast clouds
37,Monrovia,LR,6.3005,-10.7969,82.51,72,100,9.1,overcast clouds
38,Codrington,AU,-38.2667,141.9667,51.67,88,13,3.94,few clouds
39,Clyde River,CA,70.4692,-68.5914,19.63,68,0,12.66,clear sky
40,Rikitea,PF,-23.1203,-134.9692,76.91,74,45,13.27,light rain
41,Husavik,IS,66.0449,-17.3389,40.93,94,100,14.29,overcast clouds
42,Marsa Matruh,EG,31.3525,27.2453,79,47,0,11.5,clear sky
43,Torbay,CA,47.6666,-52.7314,57.27,65,20,18.99,few clouds
44,Cidreira,BR,-30.1811,-50.2056,64.76,92,100,5.08,overcast clouds
45,Dikson,RU,73.5069,80.5464,29.75,85,100,4.68,overcast clouds
46,Tura,IN,25.5198,90.2201,73.8,82,20,4.14,few clouds
47,Hermanus,ZA,-34.4187,19.2345,66.79,72,23,8.5,few clouds
48,Paamiut,GL,61.994,-49.6678,30.81,97,100,10.27,light snow
49,Almaznyy,RU,48.0448,40.045,64.08,60,100,13.89,overcast clouds
50,Ahipara,NZ,-35.1667,173.1667,53.58,86,100,4.03,overcast clouds
51,Khatanga,RU,71.9667,102.5,30.78,79,34,7.27,scattered clouds
52,Severo-Kurilsk,RU,50.6789,156.125,39.2,92,56,5.97,broken clouds
53,Nakamura,JP,32.9833,132.9333,64.11,96,100,3.47,light rain
54,Butaritari,KI,3.0707,172.7902,81.12,71,81,12.77,broken clouds
55,Saint-Philippe,RE,-21.3585,55.7679,78.39,76,47,2.89,scattered clouds
56,Puerto Ayora,EC,-0.7393,-90.3518,72.55,91,75,11.3,broken clouds
57,Thompson,CA,55.7435,-97.8558,42.96,81,100,8.05,overcast clouds
58,Arraial Do Cabo,BR,-22.9661,-42.0278,76.96,69,20,20.71,few clouds
59,Pevek,RU,69.7008,170.3133,29.73,85,100,7.47,overcast clouds
60,Ayagoz,KZ,47.9714,80.4392,68,57,100,4.41,overcast clouds
61,Son Tay,VN,21.1378,105.505,84.13,90,89,6.6,overcast clouds
62,Tasiilaq,GL,65.6145,-37.6368,37.56,76,99,2.06,overcast clouds
63,Albany,US,42.6001,-73.9662,62.94,54,100,10.96,overcast clouds
64,Ugoofaaru,MV,5.6667,73,82.65,76,100,14.12,overcast clouds
65,East London,ZA,-33.0153,27.9116,65.34,82,40,16.11,scattered clouds
66,Oksfjord,NO,70.2396,22.3479,60.87,41,42,14.67,scattered clouds
67,Cape Town,ZA,-33.9258,18.4232,68.11,71,40,10.36,light rain
68,Tuktoyaktuk,CA,69.4541,-133.0374,37.4,70,75,4.61,broken clouds
69,Hobart,AU,-42.8794,147.3294,55.26,88,20,9.22,few clouds
70,Pangody,RU,65.85,74.4859,59.25,33,86,14.63,overcast clouds
71,Chico,US,39.7285,-121.8375,71.69,56,0,5.75,clear sky
72,Cairns,AU,-16.9167,145.7667,70.07,96,40,8.05,scattered clouds
73,Ribeira Grande,PT,38.5167,-28.7,66.6,63,40,12.66,scattered clouds
74,Isangel,VU,-19.55,169.2667,74.55,87,4,5.28,clear sky
75,Qaanaaq,GL,77.484,-69.3632,26.11,65,11,7.96,few clouds
76,Mugur-Aksy,RU,50.35,90.5,53.04,74,100,3.91,overcast clouds
77,Kieta,PG,-6.2167,155.6333,78.51,85,100,1.66,light rain
78,Cherskiy,RU,68.75,161.3,31.03,79,100,14.03,overcast clouds
79,Klaksvik,FO,62.2266,-6.589,45.52,71,98,5.82,light rain
80,Upernavik,GL,72.7868,-56.1549,32.81,67,27,4.56,scattered clouds
81,Daru,PG,-9.0763,143.2092,79.23,74,68,10.25,broken clouds
82,Dudinka,RU,69.4058,86.1778,40.62,92,40,9.08,scattered clouds
83,Bilibino,RU,68.0546,166.4372,48.9,59,100,2.15,overcast clouds
84,Hithadhoo,MV,-0.6,73.0833,84.2,67,100,9.06,overcast clouds
85,Saskylakh,RU,71.9167,114.0833,30.15,93,100,10.02,overcast clouds
86,Presidencia Roque Saenz Pena,AR,-26.7852,-60.4388,57.79,97,100,7.72,overcast clouds
87,Osinki,RU,52.8432,49.5132,57.67,53,91,9.6,overcast clouds
88,Vuktyl,RU,63.8567,57.3094,52.43,77,89,16.42,overcast clouds
89,Vaini,TO,-21.2,-175.2,75.36,94,75,4.61,broken clouds
90,Zonguldak,TR,41.25,31.8333,74.25,51,0,6.29,clear sky
91,Kupang,ID,-10.1667,123.5833,79.59,76,72,12.95,broken clouds
92,Sistranda,NO,63.7256,8.834,55.36,79,54,27.42,broken clouds
93,Solnechnyy,RU,50.7214,136.6319,56.12,52,100,4.09,overcast clouds
94,Pathein,MM,16.7833,94.7333,80.56,83,34,9.04,heavy intensity rain
95,Provideniya,RU,64.3833,-173.3,34.21,88,99,5.57,overcast clouds
96,Santo Tomas,PH,14.1079,121.1414,80.49,87,93,1.61,overcast clouds
97,Yar-Sale,RU,66.8333,70.8333,51.85,52,99,13.8,overcast clouds
98,Ballina,AU,-28.8667,153.5667,57.78,84,56,2.95,light rain
99,Kapaa,US,22.0752,-159.319,71.58,89,20,12.66,few clouds
100,Marrakesh,MA,31.6315,-8.0083,91.47,25,0,6.91,clear sky
101,Golspie,GB,57.9727,-3.978,54.95,65,16,26.53,few clouds
102,Yumen,CN,40.2833,97.2,71.22,29,100,9.78,overcast clouds
103,Yerbogachen,RU,61.2767,108.0108,40.03,65,81,9.06,broken clouds
104,Yellowknife,CA,62.456,-114.3525,45.12,57,20,6.91,few clouds
105,Fort Frances,CA,48.5999,-93.4003,53.17,72,20,5.75,few clouds
106,Tupiza,BO,-21.45,-65.7167,54.54,48,100,6.6,overcast clouds
107,Avera,US,33.194,-82.5271,76.55,84,100,10.25,overcast clouds
108,Oum Hadjer,TD,13.2954,19.6966,103.84,6,96,6.24,overcast clouds
109,Tala,EG,30.6803,30.9429,93.49,18,0,17.96,clear sky
110,Saint-Pierre,RE,-21.3393,55.4781,78.48,65,0,4.61,clear sky
111,Yeppoon,AU,-23.1333,150.7333,64.18,89,3,10.54,clear sky
112,Tateyama,JP,34.9833,139.8667,67.71,88,100,14.74,heavy intensity rain
113,Grand Gaube,MU,-20.0064,57.6608,79.2,69,7,1.99,clear sky
114,Qaqortoq,GL,60.7167,-46.0333,39.06,62,72,5.41,broken clouds
115,Portland,US,45.5234,-122.6762,59.05,85,75,1.01,broken clouds
116,Bambous Virieux,MU,-20.3428,57.7575,79.05,65,20,5.75,few clouds
117,Verkhoyansk,RU,67.5447,133.385,30.33,76,88,11.34,overcast clouds
118,Bengkulu,ID,-3.8004,102.2655,78.44,84,75,5.86,broken clouds
119,Egvekinot,RU,66.3167,-179.1667,32.94,89,90,3.71,overcast clouds
120,Beira,MZ,-19.8436,34.8389,80.69,69,0,8.05,clear sky
121,Constitucion,CL,-35.3333,-72.4167,50.07,66,100,3.83,overcast clouds
122,Amqui,CA,48.4638,-67.4313,57.6,48,100,3.15,overcast clouds
123,Hongjiang,CN,27.11,109.9956,66.42,98,100,2.53,overcast clouds
124,Saint George,US,37.1041,-113.5841,66.79,18,0,0,clear sky
125,Catamarca,AR,-28.4696,-65.7852,61.59,68,92,1.01,overcast clouds
126,Port Alfred,ZA,-33.5906,26.891,60.19,92,61,4,light rain
127,Algiers,DZ,36.7525,3.042,67.03,63,50,12.57,light rain
128,Vila Franca Do Campo,PT,37.7167,-25.4333,64.81,72,99,6.76,overcast clouds
129,Longyearbyen,SJ,78.2186,15.6401,42.64,75,0,9.22,clear sky
130,Ikalamavony,MG,-21.15,46.5833,71.83,53,3,5.28,clear sky
131,Bluff,NZ,-46.6,168.3333,37.8,85,13,6.49,few clouds
132,Champerico,GT,14.3,-91.9167,77.54,77,100,5.39,overcast clouds
133,Kodiak,US,57.79,-152.4072,36.91,81,0,6.91,clear sky
134,Jamestown,US,42.097,-79.2353,68.02,78,100,7,overcast clouds
135,Lluta,PE,-16.0147,-72.0142,55.81,26,0,4.99,clear sky
136,Nakusp,CA,50.2499,-117.8023,48.47,100,100,0,overcast clouds
137,Beloha,MG,-25.1667,45.05,72.64,72,14,11.32,few clouds
138,Ligayan,PH,4.6533,119.4706,83.97,73,100,7.2,overcast clouds
139,Carnarvon,AU,-24.8667,113.6333,73.17,54,100,8.28,overcast clouds
140,Atherton,GB,53.5237,-2.4935,62.29,80,82,11.01,broken clouds
141,Trinidad,BO,-14.8333,-64.9,73.38,88,75,0,broken clouds
142,Kavieng,PG,-2.5744,150.7967,81,71,100,5.84,overcast clouds
143,Lethem,GY,3.3803,-59.7968,84.4,67,19,8.75,light rain
144,Bubaque,GW,11.2833,-15.8333,79.27,77,82,3.85,light rain
145,Lorengau,PG,-2.0226,147.2712,79.95,79,100,4.32,overcast clouds
146,Joshimath,IN,30.5667,79.5667,65.89,76,100,1.01,overcast clouds
147,Saldanha,ZA,-33.0117,17.9442,69.85,83,46,9.91,scattered clouds
148,Montrose,US,38.4166,-108.2673,47.53,30,0,2.48,clear sky
149,Nizhniy Baskunchak,RU,48.2198,46.8311,66.13,53,90,4.38,overcast clouds
150,Georgetown,MY,5.4112,100.3354,82.35,88,40,3.44,thunderstorm
151,Hofn,IS,64.2539,-15.2082,48.22,71,75,5.75,broken clouds
152,Broken Hill,AU,-31.95,141.4333,56.89,68,18,6.55,few clouds
153,Vanavara,RU,60.34,102.2797,42.76,67,39,5.01,scattered clouds
154,George,ZA,-33.963,22.4617,62.15,77,40,6.91,scattered clouds
155,Indramayu,ID,-6.3264,108.32,78.46,76,100,3.22,overcast clouds
156,Rio Gallegos,AR,-51.6226,-69.2181,37.45,81,0,24.16,clear sky
157,Moose Factory,CA,51.2585,-80.6094,50,93,100,9.22,overcast clouds
158,Puerto Del Rosario,ES,28.5004,-13.8627,71.35,64,20,11.5,few clouds
159,Muroto,JP,33.2833,134.15,66.81,89,100,11.99,light rain
160,Kazachinskoye,RU,57.6953,93.2761,58.46,51,83,4.18,broken clouds
161,Nangomba,TZ,-10.9,38.5,81.68,52,96,3.78,overcast clouds
162,Nyurba,RU,63.2842,118.3319,41.49,59,97,7.31,overcast clouds
163,Toba,JP,34.4833,136.85,66.2,91,100,17.2,heavy intensity rain
164,Pemberton,CA,50.3164,-122.8027,44.29,92,100,0.58,overcast clouds
165,Marawi,PH,7.9986,124.2928,68.76,96,100,4.56,overcast clouds
166,Coihaique,CL,-45.5752,-72.0662,31.95,86,20,4.61,few clouds
167,San Patricio,US,28.017,-97.5169,81.88,69,0,3.6,clear sky
168,Grand-Lahou,CI,5.1367,-5.0242,81.82,76,76,6.87,light rain
169,Santa Marta De Tormes,ES,40.9506,-5.6272,75.22,38,0,12.66,clear sky
170,Esmeralda,CU,21.8525,-78.1169,83.44,61,27,11.61,scattered clouds
171,Gladzor,AM,39.7812,45.3504,62.96,30,2,3.89,clear sky
172,Sayat,TM,38.7839,63.8803,84.07,15,69,23.64,broken clouds
173,Zyryanka,RU,65.75,150.85,43.84,66,100,20.8,light rain
174,Nahrin,AF,36.0649,69.1334,78.87,30,21,6.31,few clouds
175,Juneau,US,58.3019,-134.4197,44.1,92,40,0,scattered clouds
176,Port Elizabeth,ZA,-33.918,25.5701,62.89,83,40,10.36,scattered clouds
177,Arlit,NE,18.7369,7.3853,106.93,10,23,0.56,few clouds
178,Hay River,CA,60.8156,-115.7999,44.58,70,40,5.75,scattered clouds
179,Naze,JP,28.3667,129.4833,68.92,92,100,14.97,light rain
180,Payo,ID,-3.7508,103.6372,74.79,93,89,2.57,overcast clouds
181,Gacko,BA,43.1672,18.5353,74.34,43,100,3.44,overcast clouds
182,Souillac,MU,-20.5167,57.5167,79.18,65,20,5.75,few clouds
183,Zhanakorgan,KZ,43.9098,67.2495,82.13,19,0,17.52,clear sky
184,Russas,BR,-4.9403,-37.9758,86.13,57,41,11.12,scattered clouds
185,Uvira,CD,-3.4067,29.1458,79,72,73,8.68,light rain
186,Cayenne,GF,4.9333,-52.3333,84.24,1,20,13.8,few clouds
187,Sura,RU,53.8879,45.7419,57.45,69,83,9.95,broken clouds
188,Victoria,HK,22.2855,114.1577,83.17,84,100,5.99,overcast clouds
189,Saint-Louis,SN,16.3333,-15,99.14,21,47,10.78,scattered clouds
190,Mar Del Plata,AR,-38.0023,-57.5575,54.09,70,40,5.75,scattered clouds
191,Marigot,MF,18.0667,-63.0833,84.74,66,20,13.8,few clouds
192,Plettenberg Bay,ZA,-34.0527,23.3716,61.92,78,72,4.72,light rain
193,Mocuba,MZ,-16.8392,36.9856,77.95,68,0,3.71,clear sky
194,Tomatlan,MX,19.9333,-105.25,75.78,71,0,2.64,clear sky
195,Prata,BR,-19.3072,-48.9242,76.48,43,11,12.21,few clouds
196,Tual,ID,-5.6667,132.75,83.23,75,100,18.39,overcast clouds
197,Shaygino,RU,57.7675,46.8618,47.16,88,100,5.97,overcast clouds
198,Abeche,TD,13.8292,20.8324,109.42,5,0,9.22,clear sky
199,Ajdabiya,LY,30.7554,20.2263,98.74,10,0,7.09,clear sky
200,Shimanovsk,RU,52,127.7,60.64,51,1,6.44,clear sky
201,Nueve De Julio,AR,-35.4444,-60.8831,49.1,48,82,8.66,broken clouds
202,Saint Anthony,US,45.0205,-93.218,49.82,88,100,11.5,overcast clouds
203,Poum,NC,-20.2333,164.0167,76.91,78,100,12.53,overcast clouds
204,Birnin Kebbi,NG,12.4539,4.1975,102.18,19,2,1.54,clear sky
205,Horsham,GB,51.064,-0.3272,67.26,70,75,13.8,broken clouds
206,Taonan,CN,45.3333,122.7833,58.66,75,99,6.62,overcast clouds
207,Comodoro Rivadavia,AR,-45.8667,-67.5,39.06,56,0,12.66,clear sky
208,Burnie,AU,-41.0667,145.9167,56.95,94,70,9.17,broken clouds
209,Jabinyanah,TN,35.035,10.9081,84,55,100,12.48,overcast clouds
210,Walvis Bay,NA,-22.9575,14.5053,70.75,46,32,8.05,scattered clouds
211,Shrewsbury,GB,52.7101,-2.7521,64.62,82,75,20.71,broken clouds
212,Namatanai,PG,-3.6667,152.4333,79.23,78,100,2.59,overcast clouds
213,Reconquista,AR,-29.15,-59.65,54.75,93,100,10.76,overcast clouds
214,Touros,BR,-5.1989,-35.4608,85.82,62,63,16.46,broken clouds
215,Homer,US,59.6425,-151.5483,51.04,92,0,8.01,clear sky
216,Tuatapere,NZ,-46.1333,167.6833,39.52,90,1,3.33,clear sky
217,Victor Harbor,AU,-35.5667,138.6167,53.67,82,59,4.63,broken clouds
218,Biak,ID,-0.9131,122.8766,77.76,85,100,3.06,overcast clouds
219,Balta,UA,47.9355,29.6198,70.09,48,88,13.13,overcast clouds
220,Cabra,ES,37.4725,-4.4421,80.01,24,7,4.88,clear sky
221,Brockville,CA,44.5834,-75.6826,68.13,60,100,14.2,overcast clouds
222,Bathsheba,BB,13.2167,-59.5167,83.01,78,40,12.66,scattered clouds
223,Malaya Serdoba,RU,52.4661,44.9512,59.25,62,80,6.38,broken clouds
224,Alekseyevskoye,RU,55.3071,50.1135,55.17,60,74,12.37,broken clouds
225,Nome,US,64.5011,-165.4064,35.67,93,100,5.75,mist
226,Aguimes,ES,27.9054,-15.4461,72.23,57,20,21.85,few clouds
227,Sao Joao Da Barra,BR,-21.6403,-41.0511,73.49,69,67,8.46,broken clouds
228,Te Anau,NZ,-45.4167,167.7167,36.9,91,17,1.34,few clouds
229,Ostrovnoy,RU,68.0531,39.5131,36.32,96,100,16.58,light rain
230,Roald,NO,62.5833,6.1333,56.08,76,40,20.71,scattered clouds
231,Islamkot,PK,24.6997,70.177,88.57,60,0,21.14,clear sky
232,Conceicao Do Araguaia,BR,-8.2578,-49.2647,85.55,49,11,8.95,few clouds
233,Indianola,US,41.3581,-93.5574,55.89,99,100,9.69,overcast clouds
234,Atikokan,CA,48.7555,-91.6216,46.85,89,100,6.51,overcast clouds
235,Coquimbo,CL,-29.9533,-71.3436,49.73,100,100,5.75,mist
236,Dalby,AU,-27.1833,151.2667,54.99,93,0,8.48,clear sky
237,Haverfordwest,GB,51.8017,-4.9691,59.05,88,97,13,overcast clouds
238,Hasaki,JP,35.7333,140.8333,68.4,84,100,17.47,moderate rain
239,Korla,CN,41.7597,86.1469,86.76,17,90,9.73,overcast clouds
240,Port Macquarie,AU,-31.4333,152.9167,55.89,91,8,4.5,clear sky
241,Ucluelet,CA,48.9329,-125.5528,47.08,92,100,3.13,overcast clouds
242,At-Bashi,KG,41.1702,75.8106,58.01,60,35,5.95,scattered clouds
243,Murgab,TM,37.4966,61.9714,85.87,25,75,16.11,broken clouds
244,Domoni,KM,-12.2569,44.5319,80.35,73,29,8.5,scattered clouds
245,Ponta Do Sol,PT,32.6667,-17.1,68.72,76,75,3.87,broken clouds
246,Saint-Lo,FR,49.1162,-1.0903,61.23,64,92,13.49,overcast clouds
247,Richards Bay,ZA,-28.783,32.0377,71.19,74,71,7.7,light rain
248,Katsuura,JP,35.1333,140.3,67.84,88,100,15.73,light rain
249,Broome,US,42.2506,-75.833,65.86,50,100,5.01,overcast clouds
250,Kruisfontein,ZA,-34.0033,24.7314,59.88,83,97,9.55,light rain
251,Novi,US,42.4806,-83.4755,70.86,90,100,1.99,overcast clouds
252,Esperanza,DO,19.5847,-70.9849,81.3,76,6,5.99,clear sky
253,Dubai,AE,25.2582,55.3047,95.29,31,0,12.66,clear sky
254,Chuy,UY,-33.6971,-53.4616,57.65,71,100,10.07,overcast clouds
255,Labuhan,ID,-6.8844,112.2051,76.87,89,100,8.14,heavy intensity rain
256,Szamotuly,PL,52.612,16.5779,69.31,60,70,19.35,broken clouds
257,Crotone,IT,39.0851,17.1178,90.19,54,0,5.75,clear sky
258,Norman Wells,CA,65.282,-126.8329,39.24,100,40,0,scattered clouds
259,Metro,ID,-5.1131,105.3067,75.72,90,100,4.56,overcast clouds
260,Gornopravdinsk,RU,60.05,69.9,77.13,44,64,8.77,broken clouds
261,Grand-Santi,GF,4.25,-54.3833,81.12,80,27,3.38,scattered clouds
262,North Platte,US,41.1239,-100.7654,53.26,78,0,6.91,clear sky
263,Southbridge,US,42.0751,-72.0334,66.45,50,100,4,overcast clouds
264,Sayyan,YE,15.1718,44.3244,76.59,10,1,15.73,clear sky
265,Eganville,CA,45.5334,-77.0994,56.52,91,100,10.96,light rain
266,Krasnoselkup,RU,65.7,82.4667,54.88,29,0,11.01,clear sky
267,Atuona,PF,-9.8,-139.0333,78.03,72,16,18.32,few clouds
268,Mugumu,TZ,-1.85,34.7,71.29,73,62,4.07,light rain
269,Biltine,TD,14.5333,20.9167,103.84,6,31,15.21,scattered clouds
270,Belyy Yar,RU,53.6039,91.3903,73.29,28,0,13.42,clear sky
271,Quirinopolis,BR,-18.4483,-50.4517,75.9,43,100,11.05,overcast clouds
272,Oranjemund,NA,-28.55,16.4333,62.92,70,7,9.71,clear sky
273,Saint-Augustin,CA,51.226,-58.6502,47.7,39,11,10.56,few clouds
274,Rundu,NA,-17.9333,19.7667,82.98,15,0,7,clear sky
275,Barranca,PE,-10.75,-77.7667,64.83,78,100,7.34,overcast clouds
276,Tabou,CI,4.423,-7.3528,82.98,68,57,7.14,broken clouds
277,Lata,PT,40.1629,-8.3327,88.18,22,9,4.68,clear sky
278,Cap Malheureux,MU,-19.9842,57.6142,76.46,69,9,1.99,clear sky
279,Bethel,US,41.3712,-73.414,63.46,74,0,6.91,clear sky
280,Dingle,PH,10.9995,122.6711,79.61,83,100,2.13,overcast clouds
281,Jalor,IN,25.35,72.6167,95.18,33,0,14.32,clear sky
282,Bandarbeyla,SO,9.4942,50.8122,83.35,73,84,25.05,broken clouds
283,Lavrentiya,RU,65.5833,-171,30.34,97,97,5.99,overcast clouds
284,Awbari,LY,26.5921,12.7805,104.56,5,0,8.5,clear sky
285,Ossora,RU,59.2353,163.0719,38.08,99,100,3.18,overcast clouds
286,Kamaishi,JP,39.2667,141.8833,60.28,97,100,7.99,moderate rain
287,Lalian,PK,31.8241,72.7997,101.82,15,0,5.97,clear sky
288,Chipinge,ZW,-20.1883,32.6236,74.62,35,0,4.43,clear sky
289,Geraldton,AU,-28.7667,114.6,59.41,88,2,5.75,clear sky
290,Sisimiut,GL,66.9395,-53.6735,33.98,95,100,17.49,overcast clouds
291,Yamada,JP,39.4667,141.95,59.11,98,100,8.34,light rain
292,Shu,KZ,43.5983,73.7614,83.26,30,2,2.13,clear sky
293,Denpasar,ID,-8.65,115.2167,78.46,89,40,9.22,moderate rain
294,Ancud,CL,-41.8697,-73.8203,41.52,80,10,4.79,clear sky
295,Pryazha,RU,61.6926,33.6216,58.24,43,82,1.21,broken clouds
296,Prince Rupert,CA,54.3161,-130.3201,47.89,89,100,3.44,overcast clouds
297,Skibbereen,IE,51.55,-9.2667,58.1,96,100,17.07,overcast clouds
298,Provost,CA,52.3501,-110.2683,50.45,71,0,8.23,clear sky
299,Gimli,CA,50.6336,-96.9907,51.82,71,100,10.36,overcast clouds
300,Houma,US,29.5958,-90.7195,75,94,75,1.01,broken clouds
301,Aquiraz,BR,-3.9014,-38.3911,85.44,73,45,13.11,scattered clouds
302,Polonne,UA,50.1242,27.5109,64.06,61,83,13.8,broken clouds
303,Ishinomaki,JP,38.4167,141.3,62.82,94,100,17.85,overcast clouds
304,Severo-Zadonsk,RU,54.0348,38.4017,52.25,91,100,12.55,moderate rain
305,Napier,NZ,-39.4833,176.9167,41.29,86,95,1.99,overcast clouds
306,Hammerfest,NO,70.6634,23.6821,64.85,39,0,5.75,clear sky
307,Pingdingshan,CN,33.7385,113.3012,72.97,42,100,8.55,overcast clouds
308,Dickinson,US,29.4608,-95.0513,78.75,77,0,4.61,clear sky
309,Olafsvik,IS,64.8945,-23.7142,45.95,78,98,19.75,overcast clouds
310,Dunedin,NZ,-45.8742,170.5036,44.8,60,0,4,clear sky
311,Deputatskiy,RU,69.3,139.9,20.98,96,99,3.87,overcast clouds
312,Mahebourg,MU,-20.4081,57.7,79.09,65,20,5.75,few clouds
313,Buala,SB,-8.145,159.5921,79.41,83,93,1.88,light rain
314,Dashitou,CN,43.3067,128.5114,41.86,89,24,1.95,light rain
315,Fairbanks,US,64.8378,-147.7164,53.56,69,0,4.61,clear sky
316,Fortuna,US,40.5982,-124.1573,50.34,97,100,0,overcast clouds
317,Pell City,US,33.5862,-86.2861,71.74,94,100,5.75,overcast clouds
318,Kasempa,ZM,-13.4584,25.8338,78.35,21,0,4.94,clear sky
319,Doha,QA,25.2867,51.5333,100.71,16,0,19.57,clear sky
320,Berlevag,NO,70.8578,29.0864,51.6,66,6,17.27,clear sky
321,Meulaboh,ID,4.1363,96.1285,80.74,81,100,5.95,overcast clouds
322,Luderitz,NA,-26.6481,15.1594,69.94,54,1,9.8,clear sky
323,Fontaine,FR,45.1984,5.6827,76.41,56,9,1.99,clear sky
324,Sibu,MY,2.3,111.8167,75.51,94,40,3.44,scattered clouds
325,Muravlenko,RU,63.7898,74.523,64.62,33,25,15.55,scattered clouds
326,Da Nang,VN,16.0678,108.2208,85.98,70,40,1.14,scattered clouds
327,Maniwaki,CA,46.3834,-75.966,55.78,94,100,3.44,overcast clouds
328,Alice Springs,AU,-23.7,133.8833,58.55,58,24,0,few clouds
329,Caravelas,BR,-17.7125,-39.2481,79.43,54,8,10.33,clear sky
330,Pampas,PE,-12.4,-74.9,52.14,65,88,2.75,overcast clouds
331,Itarema,BR,-2.9248,-39.9167,83.23,70,50,11.74,scattered clouds
332,Ilulissat,GL,69.2167,-51.1,44.62,45,20,10.36,few clouds
333,Pecos,US,31.4229,-103.4932,64.87,36,0,3.44,clear sky
334,Pisco,PE,-13.7,-76.2167,61.02,88,100,3.44,mist
335,Ruteng,ID,-8.6136,120.4721,64.11,96,100,2.17,overcast clouds
336,Ukiah,US,39.1502,-123.2078,63.64,76,0,3.44,clear sky
337,Cockburn Town,TC,21.4612,-71.1419,80.56,65,40,11.5,scattered clouds
338,Leningradskiy,RU,69.3833,178.4167,32.59,92,100,4.79,overcast clouds
339,Riyadh,SA,24.6877,46.7219,102.34,7,3,11.32,clear sky
340,Westport,US,41.1415,-73.3579,64.9,76,100,3,overcast clouds
341,Sabzevar,IR,36.2126,57.6819,88.88,20,40,0,scattered clouds
342,Novobureyskiy,RU,49.798,129.8774,58.42,70,98,7.76,overcast clouds
343,Lakes Entrance,AU,-37.8811,147.981,55.17,89,48,5.5,scattered clouds
344,Suslovo,RU,56.2167,88.1167,58.95,51,0,6.89,clear sky
345,Ixtapa,MX,20.7,-105.2,79.23,83,20,1.01,few clouds
346,Aklavik,CA,68.2191,-135.0107,44.49,73,100,6.87,overcast clouds
347,Faanui,PF,-16.4833,-151.75,80.8,69,14,16.64,light rain
348,Morristown,US,36.214,-83.2949,69.33,84,20,0,mist
349,Rio Grande,BR,-32.035,-52.0986,60.91,90,100,11.03,light rain
350,Perigueux,FR,45.1833,0.7167,68.77,62,95,6.87,overcast clouds
351,Beringovskiy,RU,63.05,179.3167,37.6,87,24,7.94,few clouds
352,Chokurdakh,RU,70.6333,147.9167,23.5,88,31,5.75,scattered clouds
353,Teya,RU,60.3778,92.6267,55.15,58,99,3.87,overcast clouds
354,Baghmara,IN,23.795,86.2085,95.68,19,86,4.09,overcast clouds
355,Yulara,AU,-25.2406,130.9889,62.89,52,55,10.2,broken clouds
356,Santa Cruz De La Palma,ES,28.6835,-17.7642,71.74,64,100,8.05,overcast clouds
357,Umba,RU,66.6871,34.3429,51.62,68,100,13.27,light rain
358,Port Augusta,AU,-32.5,137.7667,55.89,87,6,5.21,clear sky
359,Sokoto,NG,13.0609,5.239,103.84,16,2,1.52,clear sky
360,Atbasar,KZ,51.8,68.3333,72.32,45,1,25.46,clear sky
361,Vostok,RU,46.4856,135.8833,54.99,81,99,6.13,light rain
362,Abengourou,CI,6.7297,-3.4964,85.96,61,78,4.14,light rain
363,Salima,MW,-13.7804,34.4587,83.25,39,3,5.26,clear sky
364,Omboue,GA,-1.5746,9.2618,79.93,71,96,6.17,overcast clouds
365,Sur,OM,22.5667,59.5289,94.82,42,0,2.08,clear sky
366,Muros,ES,42.7762,-9.0603,82.09,48,30,7.99,scattered clouds
367,Gurupa,BR,-1.405,-51.64,81.45,79,54,3.98,broken clouds
368,Constantine,DZ,36.365,6.6147,60.85,78,97,8.16,light rain
369,Littleton,US,39.6133,-105.0166,64.78,50,20,3,few clouds
370,Sinegorye,RU,62.0788,150.477,37.56,94,100,2.19,overcast clouds
371,Gallup,US,35.5281,-108.7426,41.76,35,0,0,clear sky
372,Rio Negrinho,BR,-26.2544,-49.5183,66.94,51,90,3.76,overcast clouds
373,Petauke,ZM,-14.2426,31.3253,81.27,27,0,2.35,clear sky
374,Yantal,RU,56.8471,105.2542,44.58,87,100,8.12,light rain
375,Pesqueira,BR,-8.3578,-36.6964,76.06,73,75,16.4,broken clouds
376,Lompoc,US,34.6391,-120.4579,59.56,90,100,8.01,fog
377,Kidal,ML,18.4411,1.4078,105.44,11,71,6.26,broken clouds
378,Pedernales,DO,18.0384,-71.744,83.73,59,7,2.37,clear sky
379,Muisne,EC,0.6,-80.0333,78.21,82,86,8.37,overcast clouds
380,Caala,AO,-12.8525,15.5606,76.53,20,2,2.3,clear sky
381,Asau,RO,46.4333,26.4,69.28,67,67,3.44,broken clouds
382,Rognan,NO,67.0953,15.3878,59.14,74,99,6.82,light rain
383,Samana,DO,19.2056,-69.3369,79.02,83,75,0,broken clouds
384,Kapoeta,SS,4.7717,33.5903,93.22,30,100,7.29,overcast clouds
385,Port Moresby,PG,-9.4431,147.1797,76.42,88,20,3.44,few clouds
386,Benguela,AO,-12.5763,13.4055,77.27,68,2,8.1,clear sky
387,Nueva Helvecia,UY,-34.3,-57.2333,51.6,69,2,12.41,clear sky
388,Cabo San Lucas,MX,22.8909,-109.9124,71.51,83,0,8.43,clear sky
389,Otavi,NA,-19.65,17.3333,80.6,13,0,10.76,clear sky
390,Norrkoping,SE,58.5942,16.1826,59.99,80,100,12.66,moderate rain
391,Acapulco,MX,16.8634,-99.8901,82.71,72,81,1.97,broken clouds
392,Margate,GB,51.3813,1.3862,67.69,62,100,5.99,overcast clouds
393,Felanitx,ES,39.4696,3.1483,76.96,45,28,16.26,scattered clouds
394,Sibolga,ID,1.7427,98.7792,78.93,87,100,3.18,overcast clouds
395,Talnakh,RU,69.4865,88.3972,40.21,95,54,3.11,broken clouds
396,Laguna,US,38.421,-121.4238,69.94,67,0,9.22,clear sky
397,Shingu,JP,33.7333,135.9833,68.31,96,100,10.76,moderate rain
398,Sao Filipe,CV,14.8961,-24.4956,73.71,77,11,8.95,few clouds
399,Vestmannaeyjar,IS,63.4427,-20.2734,50.99,71,75,16.11,broken clouds
400,Itabira,BR,-19.6192,-43.2269,71.44,53,64,4.92,broken clouds
401,Sorong,ID,-0.8833,131.25,80.85,81,100,4.09,overcast clouds
402,Asfi,MA,32.2994,-9.2372,70.92,68,14,14.41,few clouds
403,Lerwick,GB,60.1545,-1.1494,46.4,76,98,21.9,light rain
404,Grindavik,IS,63.8424,-22.4338,52.27,66,40,20.71,scattered clouds
405,Panalingaan,PH,8.7842,117.4231,79.92,83,100,3.22,overcast clouds
406,Olinda,BR,-8.0089,-34.8553,83.93,70,75,10.36,broken clouds
407,Makungu,TZ,-8.7333,35.2833,70.81,69,39,5.75,scattered clouds
408,Niamey,NE,13.5137,2.1098,104.29,20,20,12.66,few clouds
409,San Bartolome De Tirajana,ES,27.9248,-15.5733,64.87,62,20,21.85,few clouds
410,Honiara,SB,-9.4333,159.95,77.94,88,98,3.06,overcast clouds
411,Nishihara,JP,26.1842,127.7558,69.85,97,100,10.36,moderate rain
412,Goure,NE,13.9835,10.2704,105.03,5,23,10.54,few clouds
413,Beyla,GN,8.6833,-8.6333,80.85,70,66,4.14,moderate rain
414,Okhotsk,RU,59.3833,143.3,35.19,99,100,4.54,light snow
415,Antalaha,MG,-14.9003,50.2788,76.77,76,7,9.33,clear sky
416,Ternate,ID,0.8,127.4,81.59,76,87,2.82,overcast clouds
417,Kudahuvadhoo,MV,2.6708,72.8944,83.62,69,38,10.67,scattered clouds
418,Ust-Kalmanka,RU,52.1207,83.305,74.25,58,37,8.12,scattered clouds
419,Edd,ER,13.9297,41.6925,89.71,59,6,9.15,clear sky
420,Amapa,BR,1,-52,78.64,91,67,3.02,broken clouds
421,Nampula,MZ,-15.1165,39.2666,80.55,57,75,6.91,broken clouds
422,Kavaratti,IN,10.5669,72.642,83.26,77,100,11.41,light rain
423,Wawa,NG,9.9022,4.4192,97.65,33,6,4.76,clear sky
424,Tilichiki,RU,60.4667,166.1,38.01,96,100,2.77,overcast clouds
425,Chernyshevskiy,RU,63.0128,112.4714,35.55,61,83,7.61,broken clouds
426,Igarka,RU,67.4667,86.5833,45.7,62,7,12.8,clear sky
427,Varkaus,FI,62.3153,27.873,60.31,43,100,8.05,overcast clouds
428,Maarianhamina,AX,60.0973,19.9348,57.06,62,0,12.66,clear sky
429,Kalispell,US,48.1958,-114.3129,47.03,94,20,0,few clouds
430,Kavali,IN,14.9167,79.9833,91.29,55,34,9.62,scattered clouds
431,Goderich,CA,43.7501,-81.7165,66.52,77,100,14.97,overcast clouds
432,Tuscaloosa,US,33.2098,-87.5692,71.38,93,100,12.66,overcast clouds
433,Fredericton,CA,45.9454,-66.6656,60.37,69,100,6.91,overcast clouds
434,Ocos,GT,14.5094,-92.1933,80.17,73,100,5.06,overcast clouds
435,Faya,SA,18.3851,42.4509,86.11,30,12,11.41,few clouds
436,Brae,GB,60.3964,-1.353,48.81,75,97,21.27,light rain
437,Miri,MY,4.4148,114.0089,78.94,94,40,3.44,scattered clouds
438,Caxito,AO,-8.5785,13.6643,85.42,55,3,5.17,clear sky
439,Gobabis,NA,-22.45,18.9667,79.93,12,0,3.8,clear sky
440,Westonaria,ZA,-26.3191,27.6486,73.76,25,0,8.32,clear sky
441,Araouane,ML,18.9048,-3.5265,100.62,20,100,10.87,overcast clouds
442,Diamantino,BR,-14.4086,-56.4461,85.78,39,73,9.37,broken clouds
443,Sitges,ES,41.2351,1.8119,84.7,41,49,10.87,scattered clouds
444,Dengzhou,CN,37.8086,120.7508,63.07,54,88,8.55,overcast clouds
445,Camacupa,AO,-12.0167,17.4833,77.65,21,2,2.8,clear sky
446,Codajas,BR,-3.8367,-62.0569,85.89,62,39,5.26,scattered clouds
447,Mount Isa,AU,-20.7333,139.5,56.97,58,0,8.05,clear sky
448,San Quintin,MX,30.4833,-115.95,61.14,84,0,4.03,clear sky
449,Bosaso,SO,11.2842,49.1816,89.58,74,0,11.5,clear sky
450,Galveston,US,29.3669,-94.9669,79.03,79,0,4.61,clear sky
451,Mitsamiouli,KM,-11.3847,43.2844,81.05,74,5,9.55,light rain
452,Nikolayevsk-Na-Amure,RU,53.1406,140.73,42.6,93,53,3.2,broken clouds
453,Fuling,CN,29.7022,107.3919,67.71,96,100,1.81,overcast clouds
454,Adelaide,AU,-34.9333,138.6,55.42,88,75,1.99,broken clouds
455,Astoria,US,46.1879,-123.8313,51.69,94,100,5.75,moderate rain
456,Tubuala,PA,9.5167,-79.0333,79.75,83,100,2.73,overcast clouds
457,Lyuban,BY,52.7985,28.0048,64.58,59,50,15.39,scattered clouds
458,Tambopata,PE,-12.7333,-69.1833,75.09,94,75,2.3,broken clouds
459,Kawalu,ID,-7.3817,108.2082,71.76,91,100,3.56,overcast clouds
460,Krasnyy Chikoy,RU,50.3643,108.7512,60.12,43,7,6.69,clear sky
461,Magaria,NE,12.9983,8.9099,104.43,7,48,7.76,scattered clouds
462,Jonkoping,SE,57.7814,14.1562,56.91,71,20,20.71,few clouds
463,Takoradi,GH,4.8845,-1.7554,79.41,82,100,7.87,moderate rain
464,Amparafaravola,MG,-17.5833,48.2167,70.41,68,8,4.25,clear sky
465,Ouesso,CG,1.6136,16.0517,77.02,87,92,4.29,light rain
466,Port-Gentil,GA,-0.7193,8.7815,82.36,69,20,12.66,few clouds
467,Tikhvin,RU,59.6451,33.5294,62.22,47,100,1.61,overcast clouds
468,Tessalit,ML,20.1986,1.0114,103.32,11,45,8.05,scattered clouds
469,Nanma,CN,36.1817,118.1583,66.42,27,0,4.92,clear sky
470,Makurdi,NG,7.7411,8.5121,88.9,56,100,5.53,overcast clouds
471,Mount Gambier,AU,-37.8333,140.7667,51.76,86,64,0.38,broken clouds
472,Lagoa,PT,39.05,-27.9833,61.95,75,100,17.69,overcast clouds
473,Tome,CL,-36.6167,-72.95,38.01,68,63,4.14,broken clouds
474,Bauta,CU,22.9828,-82.5464,78.69,73,20,6.91,few clouds
475,Rosetown,CA,51.5501,-108.0014,57.65,62,9,9.22,clear sky
476,Sabang,ID,5.8933,95.3214,84.49,76,83,16.93,broken clouds
477,Bako,ET,5.7833,36.5667,72.12,78,100,1.01,light rain
478,Polunochnoye,RU,60.8697,60.4153,51.4,58,100,9.17,overcast clouds
479,Salalah,OM,17.0151,54.0924,87.89,66,0,11.5,clear sky
480,Rocha,UY,-34.4833,-54.3333,55.06,65,0,9.55,clear sky
481,Varzea Da Palma,BR,-17.5981,-44.7308,79.56,41,31,8.16,scattered clouds
482,Riberalta,BO,-10.9833,-66.1,77.2,83,74,6.91,broken clouds
483,Kepno,PL,51.2784,17.9891,63.21,63,50,14.94,scattered clouds
484,Teguldet,RU,57.3064,88.1667,59.04,50,100,5.12,overcast clouds
485,Alexandria,EG,31.2156,29.9553,82.36,54,0,6.91,clear sky
486,Japura,ID,-0.3167,102.35,77.18,88,90,1.07,overcast clouds
487,Shahpur,IN,16.7,76.8333,96.17,22,100,11.07,overcast clouds
488,Huarmey,PE,-10.0681,-78.1522,66.02,80,100,6.89,overcast clouds
489,Knysna,ZA,-34.0363,23.0471,62.29,81,90,4.03,overcast clouds
490,Khani,GE,41.9563,42.9566,69.37,44,1,4.92,clear sky
491,Malanje,AO,-9.5402,16.341,81.77,27,2,2.73,clear sky
492,Jalu,LY,29.0331,21.5482,98.94,8,0,9.51,clear sky
493,Kahului,US,20.8947,-156.47,73.85,71,75,11.5,broken clouds
494,Emden,DE,53.3667,7.2167,64.02,72,90,17.58,overcast clouds
495,Virginia Beach,US,36.8529,-75.978,66.24,92,100,6.91,light intensity drizzle
496,Dombarovskiy,RU,50.7587,59.5386,57.67,54,100,20.92,overcast clouds
497,Djibo,BF,14.1022,-1.6306,100.4,24,56,3.89,broken clouds
498,Guerrero Negro,MX,27.9769,-114.0611,62.06,82,0,8.08,clear sky
499,Thomasville,US,35.8826,-80.082,65.32,92,100,1.01,overcast clouds
500,Port Lincoln,AU,-34.7333,135.8667,56.88,81,2,5.3,clear sky
501,Sendafa,ET,9.15,39.0333,78.15,23,100,18.32,overcast clouds
502,Panzhihua,CN,26.5851,101.7128,75.42,82,100,4.5,moderate rain
503,Lovozero,RU,68.005,35.0117,46.33,77,99,10.42,overcast clouds
504,Sao Jose Da Coroa Grande,BR,-8.8978,-35.1478,79.5,82,57,15.97,broken clouds
505,Viedma,AR,-40.8135,-62.9967,44.29,36,0,11.83,clear sky
506,Lufilufi,WS,-13.8745,-171.5986,74.98,81,97,20.13,light rain
507,Narsaq,GL,60.9167,-46.05,50.22,48,87,4.03,overcast clouds
508,Batticaloa,LK,7.7102,81.6924,85.1,69,78,6.08,broken clouds
509,Cururupu,BR,-1.8283,-44.8683,85.62,62,19,5.26,few clouds
510,Necochea,AR,-38.5473,-58.7368,49.26,56,5,5.53,clear sky
511,Sinnamary,GF,5.3833,-52.95,79.99,84,100,8.79,overcast clouds
512,Ermelo,ZA,-26.5333,29.9833,63.95,34,0,6.29,clear sky
513,Pacific Grove,US,36.6177,-121.9166,54.01,95,100,8.99,mist
514,Ewa Beach,US,21.3156,-158.0072,74.08,64,0,6.91,clear sky
515,Tutoia,BR,-2.7619,-42.2744,85.19,61,7,5.64,clear sky
516,Bayji,IQ,34.9311,43.487,92.44,7,0,13.09,clear sky
517,Zemio,CF,5.0314,25.1361,91.13,37,26,5.91,scattered clouds
518,Polessk,RU,54.862,21.1028,60.85,69,6,22.82,clear sky
519,Barroquinha,BR,-3.0189,-41.1361,84.45,65,25,6.89,scattered clouds
520,Abancay,PE,-13.6339,-72.8814,60.4,66,33,0.89,scattered clouds
521,Baton Rouge,US,30.4508,-91.1545,76.05,69,0,3,clear sky
522,Wodonga,AU,-36.1167,146.8833,54.97,100,100,0,overcast clouds
523,Shimoda,JP,34.6667,138.95,67.12,91,100,8.05,overcast clouds
524,Henties Bay,NA,-22.116,14.2845,63.36,73,0,13,clear sky
525,Tecoanapa,MX,16.5167,-98.75,82.54,76,94,1.01,overcast clouds
526,Sao Desiderio,BR,-12.3633,-44.9733,83.93,38,26,9.86,scattered clouds
527,Campbell River,CA,50.0163,-125.2446,52.45,100,75,2.3,broken clouds
528,Tayu,ID,-6.5397,111.0518,76.46,85,100,3.2,overcast clouds
529,Vardo,NO,70.3705,31.1107,39.18,93,100,12.66,mist
530,Maniitsoq,GL,65.4167,-52.9,32.25,99,100,14.16,snow
531,Carrick-On-Suir,IE,52.3492,-7.4131,64.11,81,100,9.62,overcast clouds
532,Mabaruma,GY,8.2,-59.7833,80.47,87,60,5.21,broken clouds
533,Mairana,BO,-18.1167,-63.9333,61.43,84,100,3.13,overcast clouds
534,Yamethin,MM,20.4333,96.15,81.14,71,44,8.63,scattered clouds
535,Paragominas,BR,-2.9667,-47.4833,84.47,59,14,7.63,few clouds
536,Sao Raimundo Nonato,BR,-9.0153,-42.6994,83.55,44,99,12.64,overcast clouds
537,Acari,PE,-15.4311,-74.6158,71.83,56,41,4.94,scattered clouds
538,Palana,RU,59.1167,159.9667,36.34,88,100,3.62,overcast clouds
539,Amarante,BR,-6.2411,-42.8547,82.11,61,77,10.65,broken clouds
540,North Bend,US,43.4065,-124.2243,55.85,97,0,11.5,clear sky
541,Dusti,TJ,37.3481,68.664,91.83,19,28,12.06,scattered clouds
542,Pimentel,PE,-6.8367,-79.9342,64.69,77,0,10.36,clear sky
543,Bend,US,44.0582,-121.3153,56.46,68,0,5.75,clear sky
544,Boshnyakovo,RU,49.6333,142.1667,45.5,95,100,5.39,overcast clouds
545,Havoysund,NO,70.9963,24.6622,62.83,52,19,17.34,few clouds
546,Impfondo,CG,1.6381,18.0667,85.12,61,74,4.25,light rain
547,Abilene,US,32.4487,-99.7331,72.28,45,0,8.05,clear sky
548,Wilmington,US,34.2257,-77.9447,67.91,90,100,0,overcast clouds
549,Cananea,MX,30.95,-110.3,68.45,23,0,1.92,clear sky
550,Pringsewu,ID,-5.3582,104.9744,74.71,93,100,1.92,overcast clouds
551,San Lazaro,BZ,18.0387,-88.6622,80.47,86,99,7.27,overcast clouds
552,Choma,ZM,-16.8065,26.9531,75.7,25,0,7.34,clear sky
553,Olavarria,AR,-36.8927,-60.3225,45.01,76,92,6.71,overcast clouds
554,Weyburn,CA,49.6668,-103.8511,55.62,58,24,5.75,few clouds
555,Buchanan,LR,5.8808,-10.0467,83.53,69,70,7.61,broken clouds
556,Ormara,PK,25.2088,64.6357,83.19,89,4,16.08,clear sky
557,Zelenogorskiy,RU,55.0333,87,62.94,44,0,10.56,clear sky
558,Rawson,AR,-43.3002,-65.1023,42.04,31,0,4.09,clear sky
559,Kissidougou,GN,9.1848,-10.0999,83.48,60,89,6.35,light rain
560,Oriximina,BR,-1.7656,-55.8661,84.63,64,17,6.6,few clouds
561,Nushki,PK,29.5542,66.0215,98.78,6,0,15.17,clear sky
562,Zhigansk,RU,66.7697,123.3711,31.53,72,82,21.09,broken clouds
563,Tefe,BR,-3.3542,-64.7114,84.31,79,0,6.91,clear sky
564,Palmer,US,42.1584,-72.3287,65.89,42,75,10.36,broken clouds
565,Heilbron,ZA,-27.2812,27.9709,65.16,34,0,9.24,clear sky
566,Bonthe,SL,7.5264,-12.505,81.57,77,96,10.49,moderate rain
567,Mastic Beach,US,40.7668,-72.8521,65.12,80,0,7,clear sky
568,Xining,CN,36.6167,101.7667,59.58,58,100,6.22,overcast clouds
569,Medvezhyegorsk,RU,62.9167,34.4667,57.33,43,30,5.55,scattered clouds
570,Botwood,CA,49.1499,-55.3482,54.9,57,70,10.67,broken clouds
571,Evanston,US,42.0411,-87.6901,70.97,85,100,11.5,overcast clouds
572,Manokwari,ID,-0.8667,134.0833,79.47,81,89,7.43,overcast clouds
573,Catalina,US,32.5056,-110.9211,78.96,20,0,0.96,clear sky
574,Vihti,FI,60.417,24.3197,57.29,84,100,4,light rain
575,Sangmelima,CM,2.9333,11.9833,78.51,75,50,3.02,light rain
576,Bagotville,AU,-28.9833,153.4167,57.63,86,52,4.43,broken clouds
577,Robertson,US,36.5167,-86.8667,72.03,94,75,10.36,moderate rain
578,Dwarka,IN,22.2394,68.9678,82.8,85,0,19.35,clear sky
579,Senneterre,CA,48.3835,-77.2328,50.95,96,100,12.71,moderate rain
580,Mayumba,GA,-3.432,10.6554,77.16,78,95,6.08,overcast clouds
581,Pishin,PK,30.5803,66.9961,90.97,6,2,17.94,clear sky
582,Nelson,NZ,-41.2833,173.2833,47.28,81,74,3,broken clouds
583,Talara,PE,-4.5772,-81.2719,68.76,73,0,16.11,clear sky
584,Furth Im Wald,DE,49.3097,12.84,65.68,54,96,11.07,overcast clouds
585,Hamilton,US,39.1834,-84.5333,69.26,92,100,17.27,light rain
586,Umm Kaddadah,SD,13.6017,26.6876,100.47,4,4,5.55,clear sky
587,Languyan,PH,5.2618,120.0807,79.47,82,98,3.22,overcast clouds
588,Inta,RU,66.0317,60.1659,59.76,72,100,28.1,light rain
589,Lasa,IT,46.6166,10.7002,74.7,70,82,1.3,broken clouds
590,Gazojak,TM,41.1875,61.4036,79.59,19,0,15.57,clear sky
591,Ayan,RU,56.45,138.1667,39.79,88,97,5.66,overcast clouds
592,Bonga,ET,7.2833,36.2333,71.96,71,81,4.32,light rain
593,Kayes,ML,14,-11,91.27,40,100,7.92,overcast clouds
594,Adre,TD,13.4667,22.2,99.34,6,22,7.63,few clouds
595,Olot,ES,42.181,2.4901,79.75,38,81,4.41,broken clouds
596,Santa Rosa,PH,14.3122,121.1114,82.02,77,91,3.47,overcast clouds
597,Dhidhdhoo,MV,6.8833,73.1,82.6,73,100,12.64,overcast clouds
598,Bartica,GY,6.4,-58.6167,84.52,76,15,4.23,few clouds
599,Adrar,MR,20.5022,-10.0711,101.8,18,0,15.3,clear sky
600,Abasolo,MX,20.45,-101.5167,70.25,52,100,4.52,overcast clouds
601,Ugep,NG,5.8086,8.0812,83.82,75,97,4.18,moderate rain
602,Sorland,NO,67.667,12.6934,49.86,76,0,12.66,clear sky
603,Trofors,NO,65.5333,13.4063,58.87,59,51,2.17,broken clouds
604,Manono,CD,-7.3,27.4167,90.59,27,12,3.11,few clouds
605,Abadan,IR,30.3392,48.3043,102.15,9,0,18.41,clear sky
606,Port Blair,IN,11.6667,92.75,84.24,79,75,10.36,mist
607,Saint-Francois,FR,46.4154,3.9054,70.68,56,75,12.66,broken clouds
608,Mutata,CO,7.2441,-76.4356,78.8,89,100,1.7,light rain
609,Palmas,BR,-10.2128,-48.3603,84.07,51,0,17.27,clear sky
610,Azare,NG,11.6765,10.1948,103.48,13,2,6.78,clear sky
611,Otradnoye,RU,59.7775,30.8181,53.65,96,100,3.22,light rain
612,Sanmenxia,CN,34.7747,111.1814,73.53,48,97,3.13,overcast clouds
613,Harper,LR,4.375,-7.7169,82.4,69,71,6.73,broken clouds
614,Bulembu,SZ,-25.9667,31.1333,66.87,59,0,5.99,clear sky
615,Tarskoye,RU,42.967,44.7711,64.65,69,82,4.32,broken clouds
616,Inhambane,MZ,-23.865,35.3833,82.38,57,20,4.61,few clouds
617,Atar,MR,20.5169,-13.0499,105.33,14,0,21.94,clear sky
618,Brigantine,US,39.4101,-74.3646,68.2,80,100,8.05,overcast clouds
619,Timra,SE,62.487,17.3257,55.08,71,79,10.36,broken clouds
620,Mendi,PG,-6.1761,143.6513,55.98,97,100,0.36,overcast clouds
621,Sobolevo,RU,54.4299,31.8996,50.27,95,100,21.45,overcast clouds
622,Male,MV,4.1748,73.5089,85.95,79,75,11.5,broken clouds
623,Hambantota,LK,6.1241,81.1185,82.74,83,20,9.22,few clouds
624,Oshkosh,US,44.0247,-88.5426,62.67,95,100,3.44,mist
625,Gisborne,NZ,-38.6533,178.0042,48.52,83,31,7.52,scattered clouds
626,Andenes,NO,69.3143,16.1194,53.58,71,0,2.3,clear sky
627,Seoul,KR,37.5683,126.9778,65.59,54,0,14.97,clear sky
628,Palmas Bellas,PA,9.2319,-80.0867,85.01,79,93,4.14,overcast clouds
629,Miles City,US,46.4083,-105.8406,56.37,67,0,5.75,clear sky
630,Telsiai,LT,55.9814,22.2472,55.27,81,88,19.57,overcast clouds
631,Tautira,PF,-17.7333,-149.15,79.09,73,0,13.2,clear sky
632,Am Timan,TD,11.0297,20.2827,103.3,16,68,4.16,broken clouds
633,Maues,BR,-3.3836,-57.7186,85.71,57,8,5.48,clear sky
634,Vagur,FO,61.4732,-6.8119,45.64,75,100,13.31,light rain
635,Kununurra,AU,-15.7667,128.7333,66.18,77,10,0,clear sky
636,Zheleznodorozhnyy,RU,55.7503,38.0042,66.61,54,100,9.78,overcast clouds
637,Neiafu,TO,-18.65,-173.9833,79.48,89,20,2.3,few clouds
638,Tekeli,KZ,44.83,78.8239,65.93,60,28,5.35,scattered clouds
639,Behshahr,IR,36.6923,53.5526,62.55,78,100,4.07,overcast clouds
640,Paita,PE,-5.0892,-81.1144,67.78,78,36,10.18,scattered clouds
641,Conceicao Do Coite,BR,-11.5639,-39.2828,79.39,57,56,15.1,broken clouds
642,Pithora,IN,21.2667,82.5167,92.88,26,99,1.92,overcast clouds
643,Payson,US,40.0444,-111.7321,68.36,44,40,6.91,scattered clouds
644,General Roca,AR,-39.0333,-67.5833,39.61,61,100,7.09,overcast clouds
645,Felipe Carrillo Puerto,MX,19.5833,-88.05,83.03,76,72,7.05,broken clouds
646,Svetlogorsk,BY,52.6333,29.7333,64.47,58,37,17.85,scattered clouds
647,Borogontsy,RU,62.6683,131.1683,36.54,82,43,2.46,scattered clouds
648,Camacha,PT,33.0833,-16.3333,65.62,64,40,11.5,scattered clouds
649,Mazagao,BR,-0.115,-51.2894,82.45,86,65,3.62,broken clouds
650,San Ramon,US,37.7799,-121.978,58.86,83,75,7,broken clouds
651,Carnot,CF,4.9409,15.8665,91.74,38,96,3.2,overcast clouds
652,Springbok,ZA,-29.6643,17.8865,73.53,18,0,1.81,clear sky
653,Nizhniy Kuranakh,RU,58.8353,125.4869,39.81,84,100,6.89,overcast clouds
654,San Antero,CO,9.3741,-75.7589,81.05,79,100,6.82,overcast clouds
655,Wanning,CN,18.8003,110.3967,80.47,89,88,7.65,overcast clouds
656,Pochutla,MX,15.7432,-96.4661,81.82,69,100,3.09,overcast clouds
657,Letka,RU,59.6011,49.4232,44.24,88,95,9.06,light rain
658,Salym,RU,60.0625,71.4789,72.61,59,13,13.96,light rain
659,Haines Junction,CA,60.7522,-137.5108,35.55,80,99,0,overcast clouds
660,Tiznit,MA,29.5833,-9.5,89.44,21,70,9.31,broken clouds
661,Gat,IL,31.61,34.7642,89.4,32,0,18.12,clear sky
662,Port Lavaca,US,28.615,-96.6261,79.29,83,0,0,clear sky
663,Bontang,ID,0.1333,117.5,78.13,82,100,7.25,overcast clouds
664,Nurobod,UZ,40.9056,69.8023,78.26,49,37,1.19,scattered clouds
665,College,US,64.8569,-147.8028,53.55,68,75,4.61,broken clouds
666,Kyabe,TD,9.4515,18.9449,100.22,23,46,5.79,scattered clouds
667,Lambarene,GA,-0.7001,10.2406,80.62,21,100,1.45,overcast clouds
668,Gisors,FR,49.2818,1.7801,66.69,62,100,11.23,overcast clouds
669,Saint-Andre-Avellin,CA,45.7168,-75.066,58.98,96,100,9.86,overcast clouds
670,Letlhakane,BW,-21.4167,25.5833,84,11,0,4.14,clear sky
671,Khorixas,NA,-20.3667,14.9667,86.68,12,0,6.44,clear sky
672,Havre-Saint-Pierre,CA,50.2334,-63.5986,50.36,46,0,10.36,clear sky
673,Nantucket,US,41.2835,-70.0995,59.09,79,0,11.5,clear sky
674,Freeport,US,40.6576,-73.5832,65.17,70,0,8.05,clear sky
675,Mackay,AU,-21.15,149.2,65.68,82,0,8.99,clear sky
676,Itoman,JP,26.1247,127.6694,70.57,96,75,10.36,light rain
677,Kargasok,RU,59.0556,80.8572,67.86,41,56,6.24,broken clouds
678,Alihe,CN,50.5667,123.7167,56.16,49,2,3.6,clear sky
679,Martin,US,27.0837,-80.4164,84.96,72,11,13.24,few clouds
680,Epe,NG,6.5841,3.9834,84.52,71,68,8.48,light rain
681,Kainantu,PG,-6.2887,145.8655,61.34,97,100,1.34,overcast clouds
682,Uribia,CO,11.7139,-72.266,87.1,59,80,17.92,broken clouds
683,Aranos,NA,-24.1333,19.1167,82.06,11,0,4.43,clear sky
684,Byron Bay,AU,-28.65,153.6167,57.7,85,50,3.51,light rain
685,Garowe,SO,8.4054,48.4845,98.31,22,100,9.06,overcast clouds
686,Vila Velha,BR,-20.3297,-40.2925,75.15,90,75,4.61,broken clouds
687,Ostersund,SE,63.1792,14.6357,60.62,58,20,11.5,few clouds
688,Piet Retief,ZA,-27.0071,30.8132,64.74,55,0,6.44,clear sky
689,Vao,NC,-22.6667,167.4833,73.69,78,100,9.64,overcast clouds
690,Padang,ID,-0.9492,100.3543,78.85,81,100,4.12,overcast clouds
691,Kirakira,SB,-10.4544,161.9205,79.41,83,89,7.34,overcast clouds
692,Nachingwea,TZ,-10.3833,38.7667,80.08,56,75,5.01,broken clouds
693,Marsh Harbour,BS,26.5412,-77.0636,78.87,73,89,16.37,overcast clouds
694,Santa Maria,BR,-29.6842,-53.8069,61.9,100,100,3.44,mist
695,Salinopolis,BR,-0.6136,-47.3561,83.43,68,86,9.46,overcast clouds
696,Belmonte,BR,-15.8631,-38.8828,76.6,76,41,12.53,scattered clouds
697,Alappuzha,IN,9.49,76.3264,80.19,84,96,6.69,overcast clouds
698,Umm Lajj,SA,25.0213,37.2685,83.01,61,0,8.43,clear sky
699,Puro,PH,12.4841,123.3827,83.25,72,99,5.61,overcast clouds
700,Pitangui,BR,-19.6828,-44.8903,74.16,50,1,6.44,clear sky
701,Apache Junction,US,33.4151,-111.5496,80.64,22,0,3,clear sky
702,Ginda,IN,30.6945,78.4932,66.4,60,100,3.8,overcast clouds
703,Ambovombe,MG,-25.1667,46.0833,72.75,78,62,11.59,broken clouds
704,Susanville,US,40.4163,-120.653,53.44,50,0,0,clear sky
705,Ola,RU,59.5833,151.2833,37.15,99,100,7.45,light rain
706,Katherine,AU,-14.4667,132.2667,68.32,52,58,5.75,broken clouds
707,Kasongo-Lunda,CD,-6.4667,16.8167,85.37,51,58,4.03,broken clouds
708,Mareeba,AU,-17,145.4333,65.44,94,11,1.57,few clouds
709,Tuzha,RU,57.6062,47.936,48.61,82,99,10.69,overcast clouds
710,Sinjar,IQ,36.3209,41.8754,85.71,9,0,12.88,clear sky
711,Tabuk,PH,17.4189,121.4443,77.2,90,100,3.49,overcast clouds
712,Shelburne,CA,44.0787,-80.2041,65.23,78,100,18.54,overcast clouds
713,Santa Isabel Do Rio Negro,BR,-0.4139,-65.0192,78.69,94,100,3.87,overcast clouds
714,Samarai,PG,-10.6167,150.6667,80.71,74,71,11.34,broken clouds
715,Tirumullaivasal,IN,11.2333,79.8333,84.83,74,43,19.69,scattered clouds
716,Vidim,RU,56.4088,103.1106,43.65,87,46,4.54,scattered clouds
717,Dandong,CN,40.1292,124.3947,53.4,84,93,4.23,overcast clouds
718,Brus Laguna,HN,15.75,-84.4833,80.47,81,100,4.34,overcast clouds
719,Armidale,AU,-30.5167,151.65,43.86,96,5,3.67,clear sky
720,Zharkent,KZ,44.1628,80,72.45,56,93,13.47,overcast clouds
721,Shiyan,CN,32.6475,110.7781,74.41,66,100,3.31,overcast clouds
722,Kuybyshevo,RU,47.8123,38.9073,66.7,56,100,16.24,overcast clouds
